Adastra Holdings Ltd Canada Mine Industry,https://themarketherald.ca/adastra-holdings-csextrx-approval-to-include-cocaine-under-its-controlled-substances-dealers-license-2023-03-03/,b'Adastra Holdings (CSE:XTRX) receives Health Canada approval to ...'
Adastra Holdings Ltd Canada Mine Industry,https://www.barrons.com/market-data/company-list/sector/mining-metals/1,b'Mining & Metals Companies'
Adastra Holdings Ltd Canada Mine Industry,https://www.marketwatch.com/tools/markets/stocks/country/canada,b'Stocks/Country/Canada Index - Markets Index'
Adastra Holdings Ltd Canada Mine Industry,https://www.barrons.com/market-data/company-list/country/canada/1,b'Canada'
Adastra Holdings Ltd Canada Mine Industry,https://thecse.com/en/listings/life-sciences/adastra-holdings-ltd,b'Adastra Holdings Ltd. | CSE - Canadian Securities Exchange'
Adastra Holdings Ltd Canada Mine Industry,https://www.wsj.com/market-data/quotes/company-list/sector/mining-metals,b'Company List by Sector - WSJ'
Adastra Holdings Ltd Canada Mine Industry,https://www.sec.gov/divisions/corpfin/internatl/foreignalpha2006.pdf,b'International Registered and Reporting Companies - Alphabetical ...'
Adastra Holdings Ltd Canada Mine Industry,https://www.bloomberg.com/quote/XTRX:CN,b'XTRX: Adastra Holdings Ltd Stock Price Quote - Canadian Sec ...'
Adastra Holdings Ltd Canada Mine Industry,https://www.sec.gov/Archives/edgar/data/1891512/000106299321010372/form20fr12g.htm,b'Adastra Holdings Ltd.: Form 20FR12G - Filed by newsfilecorp.com'
Adastra Holdings Ltd Canada Mine Industry,https://adastracorp.com/,b'Adastra | Data Analytics and IT Consultancy'
ADF Group Inc Canada Mine Industry,https://simplywall.st/stocks/ca/materials/tsx-drx/adf-group-shares,"b'ADF Group (TSX:DRX) - Stock Price, News & Analysis - Simply Wall St'"
ADF Group Inc Canada Mine Industry,https://www.linkedin.com/company/adf-group-inc,b'ADF Group Inc. | LinkedIn'
ADF Group Inc Canada Mine Industry,https://ca.finance.yahoo.com/news/natural-resources-coveo-adf-52-143500300.html,"b'Natural Resources, Coveo, ADF at 52-Week Highs'"
ADF Group Inc Canada Mine Industry,https://www.barrons.com/market-data/company-list/country/canada/1,b'Canada'
ADF Group Inc Canada Mine Industry,https://be.linkedin.com/company/adf-group-inc?trk=public_profile_experience-item_profile-section-card_subtitle-click,b'ADF Group Inc. | LinkedIn'
ADF Group Inc Canada Mine Industry,https://www.groupeadf.com/,b'Groupe ADF - Smart Industrial Solutions - Improving your ...'
ADF Group Inc Canada Mine Industry,https://www.marketwatch.com/tools/markets/stocks/country/canada,b'Stocks/Country/Canada Index - Markets Index'
ADF Group Inc Canada Mine Industry,https://www.newswire.ca/news-releases/adf-group-inc-announces-the-results-for-the-first-quarter-ended-april-30-2023-834096397.html,b'ADF GROUP INC. ANNOUNCES THE RESULTS FOR THE FIRST ...'
ADF Group Inc Canada Mine Industry,https://www.annualreports.com/Companies?exch=5,b'All TSX Companies'
ADF Group Inc Canada Mine Industry,http://www.canadianmanufacturing.com/JIpv7,b'ADF Group: 60 years of steely resolve keeps Quebec fabricator in ...'
Adler Steel Ltd Canada Mine Industry,https://www.linkedin.com/company/adler-steel-limited,b'Adler Steel Limited | LinkedIn'
Adler Steel Ltd Canada Mine Industry,https://www.facebook.com/AdlerSteel/,b'Adler Steel Limited | Toronto ON | Facebook'
Adler Steel Ltd Canada Mine Industry,https://ca.linkedin.com/in/vijay-m-lal-8463b07,b'Vijay M. Lal | LinkedIn'
Adler Steel Ltd Canada Mine Industry,https://www.zoominfo.com/c/adler-steel-ltd/1034355,"b'Adler Steel - Overview, News & Competitors | ZoomInfo.com'"
Adler Steel Ltd Canada Mine Industry,http://204.236.191.203/business/Adler%20Steel%20Ltd./id/3731516114,b'Adler Steel Ltd. Revonect Business Profile'
Adler Steel Ltd Canada Mine Industry,https://www.amazon.com/Kenney-Indoor-Outdoor-Rust-Resistant-Curtain/dp/B06XHQWMM3,b'Kenney KN90030 Adler Industrial Pipe Indoor ... - Amazon.com'
Adler Steel Ltd Canada Mine Industry,https://www.sciencedirect.com/science/article/pii/S0301420717301484,b'Social impact assessment in the mining sector: Review and ...'
Adler Steel Ltd Canada Mine Industry,https://rocketreach.co/adler-steel-limited-profile_b5da74d1f42e5714,b'Adler Steel Limited: Contact Details and Business Profile'
Adler Steel Ltd Canada Mine Industry,https://home.treasury.gov/news/press-releases/jy1731,"b'With Wide-Ranging New Sanctions, Treasury Targets Russian ...'"
Adler Steel Ltd Canada Mine Industry,https://www.reuters.com/markets/commodities/us-imposes-sanctions-russian-copper-producer-ummc-2023-07-20/,b'US imposes sanctions on Russian copper producer UMMC | Reuters'
Advance Lithium Corp Canada Mine Industry,https://www.canada.ca/en/campaign/critical-minerals-in-canada/canadian-critical-minerals-strategy.html,b'The Canadian Critical Minerals Strategy - Canada.ca'
Advance Lithium Corp Canada Mine Industry,https://mexicobusiness.news/mining/news/mexicos-lithium-industry-advances,"b""Mexico's Lithium Industry Advances"""
Advance Lithium Corp Canada Mine Industry,https://www.canada.ca/en/innovation-science-economic-development/news/2022/11/government-of-canada-invests-in-e3-lithium-to-advance-canadas-ev-battery-production.html,"b""Government of Canada invests in E3 Lithium to advance Canada's ..."""
Advance Lithium Corp Canada Mine Industry,https://www.avalonadvancedmaterials.com/,b'Avalon Advanced Materials: Home'
Advance Lithium Corp Canada Mine Industry,https://natural-resources.canada.ca/our-natural-resources/minerals-mining/minerals-metals-facts/lithium-facts/24009,b'Lithium facts'
Advance Lithium Corp Canada Mine Industry,https://argentinalithium.com/,b'Argentina Lithium & Energy Corp. | Home'
Advance Lithium Corp Canada Mine Industry,https://pubs.usgs.gov/myb/vol1/2018/myb1-2018-lithium.pdf,b'Lithium | 2018 Minerals Yearbook'
Advance Lithium Corp Canada Mine Industry,https://ca.finance.yahoo.com/quote/AALI.V/,"b'Advance Lithium Corp. (AALI.V) Stock Price, News, Quote & History ...'"
Advance Lithium Corp Canada Mine Industry,https://simplywall.st/stocks/ca/materials/tsxv-aali/advance-lithium-shares,"b'Advance Lithium (TSXV:AALI) - Stock Price, News & Analysis ...'"
Advance Lithium Corp Canada Mine Industry,https://www.energy.gov/sites/default/files/2021-06/FCAB%20National%20Blueprint%20Lithium%20Batteries%200621_0.pdf,b'National Blueprint for Lithium Batteries 2021-2030'
Advanced Fan Systems Inc Canada Mine Industry,https://www.howden.com/en-us/products/heat-processing-equipment,b'Products | - Heat Processing Equipment'
Advanced Fan Systems Inc Canada Mine Industry,https://www.tlt-turbo.com/en/,b'TLT-Turbo - Ventilation Redefined'
Advanced Fan Systems Inc Canada Mine Industry,https://www.howden.com/en-us/news/howden-acquires-advanced-combustion-inc-and-advanc,b'News | - Howden acquires Advanced Combustion Inc. and ...'
Advanced Fan Systems Inc Canada Mine Industry,https://paulsfans.com/,"b""Welcome to Paul's Fan Company"""
Advanced Fan Systems Inc Canada Mine Industry,https://www.epa.gov/sites/default/files/2019-11/documents/vam_technologies.pdf,b'Ventilation Air Methane (VAM) Utilization Technologies | EPA'
Advanced Fan Systems Inc Canada Mine Industry,https://mining.ubc.ca/research-group/advanced-mine-energy-systems/,b'Advanced Mine Energy Systems - NBK Mining Institute'
Advanced Fan Systems Inc Canada Mine Industry,https://www.energy.gov/eere/iedo/articles/us-mining-industry-energy-bandwidth-study,b'U.S. Mining Industry Energy Bandwidth Study'
Advanced Fan Systems Inc Canada Mine Industry,https://new.abb.com/mining/mineoptimize/digital-applications/advanced-process-control/abb-ability-ventilation-optimizer,b'Ventilation on demand (VOD) - Advanced process control in mining'
Advanced Fan Systems Inc Canada Mine Industry,https://www.mines.edu/,b'Colorado School of Mines | A Premier Engineering University'
Advanced Fan Systems Inc Canada Mine Industry,https://www.amd.com/en.html,b'AMD  together we advance_AI'
Advanced Gold Exploration Inc Canada Mine Industry,https://thecse.com/en/listings/mining/advanced-gold-exploration-inc,b'Advanced Gold Exploration Inc. | CSE - Canadian Securities ...'
Advanced Gold Exploration Inc Canada Mine Industry,https://finance.yahoo.com/news/advanced-gold-announces-closing-private-211500906.html,b'Advanced Gold Announces Closing of Private Placement'
Advanced Gold Exploration Inc Canada Mine Industry,https://www.canada.ca/en/campaign/critical-minerals-in-canada/canadian-critical-minerals-strategy.html,b'The Canadian Critical Minerals Strategy - Canada.ca'
Advanced Gold Exploration Inc Canada Mine Industry,https://natural-resources.canada.ca/our-natural-resources/minerals-mining/mining-data-statistics-and-analysis/minerals-and-the-economy/20529,b'Minerals and the economy'
Advanced Gold Exploration Inc Canada Mine Industry,https://www.zijinmining.com/,"b'Home-Zijin Mining Group Co., Ltd.'"
Advanced Gold Exploration Inc Canada Mine Industry,https://www.bloomberg.com/press-releases/2023-10-20/advanced-gold-exploration-announces-filing-of-technical-report,b'Advanced Gold Exploration Announces Filing of Technical Report ...'
Advanced Gold Exploration Inc Canada Mine Industry,https://www.bnamericas.com/en/company-profile/advance-gold-corp,b'Advance Gold Corp. (Advance Gold) - BNamericas'
Advanced Gold Exploration Inc Canada Mine Industry,https://nma.org/,b'National Mining Association'
Advanced Gold Exploration Inc Canada Mine Industry,https://www.juniorminingnetwork.com/best-junior-miners.html,b'Best Junior Mining Stocks - Junior Mining Network'
Advanced Gold Exploration Inc Canada Mine Industry,https://comstock.inc/,b'Comstock Inc. - Commercial Decarbonization Solutions'
Advanced Opto-Mechanical Systems & Technologies Inc Canada Mine Industry,https://onlinelibrary.wiley.com/doi/full/10.1002/adfm.202213109,"b'Soft Optomechanical Systems for Sensing, Modulation, and ...'"
Advanced Opto-Mechanical Systems & Technologies Inc Canada Mine Industry,https://spj.science.org/doi/10.34133/2020/1964015,b'Optical Forces in Silicon Nanophotonics and Optomechanical ...'
Advanced Opto-Mechanical Systems & Technologies Inc Canada Mine Industry,https://www.jeccomposites.com/news/advanced-design-of-opto-mechanical-systems/,b'Advanced design of opto-mechanical systems - JEC'
Advanced Opto-Mechanical Systems & Technologies Inc Canada Mine Industry,https://www.mitacs.ca/en/partner/advanced-opto-mechanical-systems-and-technologies-inc?language=en,b'Advanced Opto-Mechanical Systems and Technologies Inc. | Mitacs'
Advanced Opto-Mechanical Systems & Technologies Inc Canada Mine Industry,https://www.spiedigitallibrary.org/journals/advanced-photonics/volume-4/issue-05/056003/Highly-tunable-broadband-coherent-wavelength-conversion-with-a-fiber-based/10.1117/1.AP.4.5.056003.full,b'Highly tunable broadband coherent wavelength conversion with a ...'
Advanced Opto-Mechanical Systems & Technologies Inc Canada Mine Industry,https://www.pnas.org/doi/10.1073/pnas.1608412114,b'Multimode optomechanical system in the quantum regime | PNAS'
Advanced Opto-Mechanical Systems & Technologies Inc Canada Mine Industry,https://www.ncbi.nlm.nih.gov/pmc/articles/PMC7946108/,b'POEMS (POLYMERIC OPTO-ELECTRO-MECHANICAL SYSTEMS ...'
Advanced Opto-Mechanical Systems & Technologies Inc Canada Mine Industry,https://online.arizona.edu/programs/graduate/online-master-science-optomechanical-engineering-ms,b'Optomechanical Engineering MS | Arizona Online'
Advanced Opto-Mechanical Systems & Technologies Inc Canada Mine Industry,https://www.frontiersin.org/articles/10.3389/frqst.2022.1091691,b'Application perspective of cavity optomechanical system - Frontiers'
Advanced Opto-Mechanical Systems & Technologies Inc Canada Mine Industry,https://www.brickeye.com/,b'Brickeye | Construction Risk & Productivity'
Advantage Lithium Corp. Canada Mine Industry,https://piedmontlithium.com/,b'Piedmont Lithium: Home'
Advantage Lithium Corp. Canada Mine Industry,https://www.sciencedirect.com/science/article/pii/S2214790X21001556,b'Project economics of lithium mines in Quebec: A critical review ...'
Advantage Lithium Corp. Canada Mine Industry,https://www.canada.ca/en/campaign/critical-minerals-in-canada/canadian-critical-minerals-strategy.html,b'The Canadian Critical Minerals Strategy - Canada.ca'
Advantage Lithium Corp. Canada Mine Industry,https://www.reuters.com/article/mining-pdac-lithium/crowded-herd-of-lithium-explorers-faces-culling-as-supplies-rise-idUSL1N1FS1VB,b'Crowded herd of lithium explorers faces culling as supplies rise ...'
Advantage Lithium Corp. Canada Mine Industry,https://natural-resources.canada.ca/our-natural-resources/minerals-mining/minerals-metals-facts/lithium-facts/24009,b'Lithium facts'
Advantage Lithium Corp. Canada Mine Industry,https://www.iea.org/reports/the-role-of-critical-minerals-in-clean-energy-transitions/executive-summary,b'Executive summary  The Role of Critical Minerals in Clean Energy ...'
Advantage Lithium Corp. Canada Mine Industry,https://www.wilsoncenter.org/blog-post/drc-mining-industry-child-labor-and-formalization-small-scale-mining,b'The DRC Mining Industry: Child Labor and Formalization of Small ...'
Advantage Lithium Corp. Canada Mine Industry,https://www.goldmansachs.com/intelligence/pages/gs-research/direct-lithium-extraction/report.pdf,b'Global Metals & Mining Direct Lithium Extraction A potential game ...'
Advantage Lithium Corp. Canada Mine Industry,https://www.spglobal.com/marketintelligence/en/news-insights/latest-news-headlines/australia-s-orocobre-to-acquire-canada-s-advantage-lithium-in-c-69m-deal-57152875,"b""Australia's Orocobre to acquire Canada's Advantage Lithium in C ..."""
Advantage Lithium Corp. Canada Mine Industry,https://www.mckinsey.com/industries/metals-and-mining/our-insights/lithium-mining-how-new-production-technologies-could-fuel-the-global-ev-revolution,b'How lithium mining is fueling the EV revolution | McKinsey'
Adventus Mining Corp Canada Mine Industry,https://www.adventusmining.com/,b'Adventus Mining Corporation Homepage  Adventus'
Adventus Mining Corp Canada Mine Industry,https://www.newswire.ca/news-releases/adventus-mining-provides-corporate-update-and-announces-us-9-million-of-financings-with-altius-minerals-and-trafigura-816286357.html,b'Adventus Mining Provides Corporate Update and Announces US$9 ...'
Adventus Mining Corp Canada Mine Industry,https://www.adventusmining.com/board,b'Board  Adventus'
Adventus Mining Corp Canada Mine Industry,https://www.newswire.ca/news-releases/the-government-of-ecuador-approves-the-signing-of-the-investment-contract-with-adventus-mining-corporation-and-salazar-resources-limited-827655220.html,b'The Government of Ecuador Approves the Signing of the Investment ...'
Adventus Mining Corp Canada Mine Industry,https://www.adventusmining.com/strategic-shareholders,b'Strategic Shareholders  Adventus'
Adventus Mining Corp Canada Mine Industry,https://www.abrasilver.com/about/directors/,b'Directors of AbraSilver Resource Corp (416-306-8334)'
Adventus Mining Corp Canada Mine Industry,https://www.reuters.com/business/energy/ecuador-expects-4-major-mining-projects-start-up-by-2025-2021-09-17/,b'Ecuador expects 4 major mining projects to start up by 2025 | Reuters'
Adventus Mining Corp Canada Mine Industry,https://adventusmining.com/news/122536,b'News  Adventus'
Adventus Mining Corp Canada Mine Industry,https://www.cruxinvestor.com/posts/adventus-mining-adzn-financed-through-to-production-in-2024,b'Adventus Mining (ADZN) - Financed Through to Production in 2024 ...'
Adventus Mining Corp Canada Mine Industry,https://adventusmining.com/storage/news/adz9900-inrl-20211026-curipamba-feasibility-results---news-release-final-1635258299.pdf,b'ADVENTUS AND SALAZAR ANNOUNCE FEASIBILITY STUDY ...'
AECOM Canada Ltd Canada Mine Industry,https://aecom.com/,b'AECOM'
AECOM Canada Ltd Canada Mine Industry,https://ca.linkedin.com/in/paul-mcilvenna-329ab121,b'Paul McIlvenna - Director - Mining & Industrial - AECOM | LinkedIn'
AECOM Canada Ltd Canada Mine Industry,https://aecom.com/markets/industrial/mining-metals/,b'Mining & Metals'
AECOM Canada Ltd Canada Mine Industry,https://www.devex.com/organizations/aecom-canada-ltd-53404,b'AECOM Canada Ltd. | Devex'
AECOM Canada Ltd Canada Mine Industry,https://www.aecom.com/ca/wp-content/uploads/2017/09/AECOM_TopProjects2017_EN_WEB.pdf,b'AECOM Top Projects 2017'
AECOM Canada Ltd Canada Mine Industry,https://tams.aecom.com/,b'TAMS Maintenance and Construction Ltd an AECOM Company'
AECOM Canada Ltd Canada Mine Industry,https://www.manitoba.ca/sd/eal/registries/2834.3britannia/1eap.pdf,b'Hudbay Minerals Inc. - Notice of Alteration: New Britannia Mill'
AECOM Canada Ltd Canada Mine Industry,https://en.wikipedia.org/wiki/AECOM,b'AECOM - Wikipedia'
AECOM Canada Ltd Canada Mine Industry,https://www.iti.gov.nt.ca/en/bip-registry/bip0000643-pobox1259,"b'AECOM Canada Ltd. | Industry, Tourism and Investment'"
AECOM Canada Ltd Canada Mine Industry,https://www.linkedin.com/in/cecilia-yen-ping-chin-583b8626,b'Cecilia Yen Ping Chin - Senior Electrical Lead - Resource & Industry ...'
Aecon Mining Canada Mine Industry,https://www.aecon.com/,b'AECON - Aecon Group Inc.'
Aecon Mining Canada Mine Industry,https://en.wikipedia.org/wiki/Aecon,b'Aecon - Wikipedia'
Aecon Mining Canada Mine Industry,https://www.aecon.com/join-our-team/careers,b'Careers'
Aecon Mining Canada Mine Industry,https://foreigninvestment.bakermckenzie.com/2022/02/16/canadian-government-allows-chinese-acquisition-of-canadian-lithium-miner/,b'Canadian government allows Chinese acquisition of Canadian ...'
Aecon Mining Canada Mine Industry,https://www.aecon.com/our-expertise/construction/industrial,b'Industrial'
Aecon Mining Canada Mine Industry,https://www.bhp.com/what-we-do/global-locations/canada/jansen,b'Jansen | BHP'
Aecon Mining Canada Mine Industry,https://ca.linkedin.com/company/aecon,b'Aecon Group Inc. | LinkedIn'
Aecon Mining Canada Mine Industry,https://www.iamgold.com/English/operations/cote-gold-project-ontario/default.aspx,b'Operations - Ct Gold - IAMGOLD Corporation'
Aecon Mining Canada Mine Industry,https://www.annualreports.com/HostedData/AnnualReportArchive/a/TSX_ARE_2012.pdf,b'AECON@WORK'
Aecon Mining Canada Mine Industry,https://www.linklaters.com/es-es/insights/blogs/foreigninvestmentlinks/2022/january/the-curious-case-of-the-missing-review-canada-clears-chinese-investment-in-canadian-lithium-mining,b'The curious case of the missing review: Canada clears Chinese ...'
Aereus Technologies Inc. Canada Mine Industry,https://aereustech.com/author/leigh/,"b'Aereus Technologies, Author at Aereus Technologies'"
Aereus Technologies Inc. Canada Mine Industry,https://ca.linkedin.com/in/terry-frank-9b3b222a,b'Terry Frank - Aereus Technologies Ltd.'
Aereus Technologies Inc. Canada Mine Industry,https://aereustech.com/pdf/BRM_JAN-FEB_2022_AEREUS.pdf,b'CuVerro Shield by Aereus Technologies Brings Antimicrobial ...'
Aereus Technologies Inc. Canada Mine Industry,https://ur-pk.facebook.com/p/Aereus-Technologies-Inc-100077435284318/,b'Aereus Technologies Inc. | Guelph ON'
Aereus Technologies Inc. Canada Mine Industry,https://www.teck.com/news/news-releases/2022/yvr-partners-with-teck-to-become-canada%E2%80%99s-first-airport-with-antimicrobial-copper-surfaces-to-protect-passenger-health,"b""YVR Partners with Teck to Become Canada's First Airport with ..."""
Aereus Technologies Inc. Canada Mine Industry,https://www.newswire.ca/news-releases/aereus-technologies-announces-closing-of-oversubscribed-private-placement-financing-821856866.html,b'Aereus Technologies Announces Closing of Oversubscribed Private ...'
Aereus Technologies Inc. Canada Mine Industry,https://www.teck.com/sustainability/approach-to-responsibility/global-citizenship/copper-&-health/,b'Copper & Health'
Aereus Technologies Inc. Canada Mine Industry,https://www.sciencedirect.com/science/article/abs/pii/S0196655320301012,b'A critical evaluation of current protocols for self-sterilizing surfaces ...'
Aereus Technologies Inc. Canada Mine Industry,https://www.mirion.com/,b'Mirion Technologies'
Aereus Technologies Inc. Canada Mine Industry,https://www.engineering.utoronto.ca/about/annual-reports/by-the-numbers-2023/chapter-4-research/,b'Chapter 4: Research - Faculty of Applied Science & Engineering'
Affinity Metals Corp Canada Mine Industry,https://thecse.com/en/listings/mining/affinity-metals-corp,b'Affinity Metals Corp. | CSE - Canadian Securities Exchange'
Affinity Metals Corp Canada Mine Industry,https://simplywall.st/stocks/ca/materials/cse-aff/affinity-metals-shares,"b'Affinity Metals (CNSX:AFF) - Stock Price, News & Analysis - Simply ...'"
Affinity Metals Corp Canada Mine Industry,https://www.bloomberg.com/quote/AFF:CN,b'AFF: Affinity Metals Corp Stock Price Quote - Canadian Sec ...'
Affinity Metals Corp Canada Mine Industry,https://www.newsfilecorp.com/release/58667/Affinity-Metals-Corp.-Announces-750000-Financing,"b'Affinity Metals Corp. Announces $750,000 Financing'"
Affinity Metals Corp Canada Mine Industry,https://money.tmx.com/en/quote/AFF,b'Affinity Metals Corp. (AFF) | TSXV Stock Price | TMX Money'
Affinity Metals Corp Canada Mine Industry,https://stockhouse.com/companies/bullboard/c.aff/affinity-metals-corp,b'CSE:AFF | Stock Discussion | Affinity Metals Corp'
Affinity Metals Corp Canada Mine Industry,https://ca.linkedin.com/company/affinity-metals-corp,b'Affinity Metals Corp. | LinkedIn'
Affinity Metals Corp Canada Mine Industry,https://www.marketwatch.com/tools/markets/stocks/country/canada,b'Stocks/Country/Canada Index - Markets Index'
Affinity Metals Corp Canada Mine Industry,https://www.wsj.com/market-data/quotes/company-list/sector/mining-metals?mod=article_inline,b'Company List by Sector - WSJ'
Affinity Metals Corp Canada Mine Industry,https://affinitymetals.ca/corporate-2/,b'Corporate - Affinity Metals Corp.'
AFR NuVenture Resources Inc Canada Mine Industry,https://en.wikipedia.org/wiki/AFR_NuVenture_Resources,b'AFR NuVenture Resources - Wikipedia'
AFR NuVenture Resources Inc Canada Mine Industry,https://afrnuventure.com/about-us/,b'About Us | AFR NuVenture Resources Inc.'
AFR NuVenture Resources Inc Canada Mine Industry,https://www.reuters.com/markets/companies/AFR.V/,b'AFR Nuventure Resources Inc'
AFR NuVenture Resources Inc Canada Mine Industry,https://simplywall.st/stocks/ca/materials/cse-my.x/montego-resources-shares,"b'Montego Resources (CNSX:MY) - Stock Price, News & Analysis ...'"
AFR NuVenture Resources Inc Canada Mine Industry,https://edgexploration.com/emp-2022-growing-the-new-brunswick-exploration-mining-petroleum-industry/,"b'EMP 2022 | Growing The New Brunswick Exploration, Mining ...'"
AFR NuVenture Resources Inc Canada Mine Industry,https://kalkine.ca/companies/materials/,"b'TSX Listed Materials Companies Overview, Analysis and Research ...'"
AFR NuVenture Resources Inc Canada Mine Industry,https://www.searchspaceai.com/press-releases,b'SearchSpace AI'
AFR NuVenture Resources Inc Canada Mine Industry,https://www.juniorminingnetwork.com/mining-stocks/new-brunswick-mining-stocks.html,b'List of Mining Companies in New Brunswick - Junior Mining Network'
AFR NuVenture Resources Inc Canada Mine Industry,https://www.minenportal.de/minen/namensaenderungen.php?s=oldname,b'Minen Namensnderungen'
AFR NuVenture Resources Inc Canada Mine Industry,https://secure.kaiserresearch.com/s3/CompanyProfile.asp?numCols=4&page=0,"b'KRO Profile - Tue Oct 24, 2023 - Kaiser Research Online'"
Africa Energy Corp Canada Mine Industry,https://www.iea.org/,b'International Energy Agency: IEA'
Africa Energy Corp Canada Mine Industry,https://www.worldoil.com/news/2023/7/27/opinion-africa-oil-is-an-impactful-independent-operator-under-leadership-of-keith-hill/,b'Opinion: Africa Oil is an impactful independent operator under ...'
Africa Energy Corp Canada Mine Industry,https://www.iea.org/reports/africa-energy-outlook-2022/key-findings,b'Key findings  Africa Energy Outlook 2022  Analysis - IEA'
Africa Energy Corp Canada Mine Industry,https://www.peabodyenergy.com/,b'Peabody Energy'
Africa Energy Corp Canada Mine Industry,https://www.suncor.com/en-ca/,b'Suncor Energy Inc.'
Africa Energy Corp Canada Mine Industry,https://www.eia.gov/international/analysis/country/ZAF,b'International - U.S. Energy Information Administration (EIA)'
Africa Energy Corp Canada Mine Industry,https://www.chevron.com/,b'Chevron Corporation - Human Energy  Chevron'
Africa Energy Corp Canada Mine Industry,https://www.riotinto.com/,b'Rio Tinto | Global'
Africa Energy Corp Canada Mine Industry,https://www.cummins.com/,b'Cummins | A Global Power Technology Leader'
Africa Energy Corp Canada Mine Industry,https://resourcegovernance.org/publications/triple-win-mining-africa-environment-energy-transition,"b""Triple Win: How Mining Can Benefit Africa's Citizens, Their ..."""
Afri-Can Marine Minerals Corporation Canada Mine Industry,https://www.northernminer.com/company/025042392/,b'Afri-Can Marine Minerals Corporation Mining News - The Northern ...'
Afri-Can Marine Minerals Corporation Canada Mine Industry,https://d9-wret.s3.us-west-2.amazonaws.com/assets/palladium/production/mineral-pubs/country/2003/wamyb03.pdf,b'The Mineral Industry of Namibia in 2003'
Afri-Can Marine Minerals Corporation Canada Mine Industry,http://www.nafinance.com/Listed_Co/english/afri-can_e.htm,b'Afri-Can Marine Minerals Corporation'
Afri-Can Marine Minerals Corporation Canada Mine Industry,https://d9-wret.s3.us-west-2.amazonaws.com/assets/palladium/production/mineral-pubs/country/2001/wamyb01.pdf,b'The Mineral Industry of Namibia in 2001'
Afri-Can Marine Minerals Corporation Canada Mine Industry,https://hexagon.com/company/divisions/mining,b'Mining | Hexagon'
Afri-Can Marine Minerals Corporation Canada Mine Industry,https://www.marketscreener.com/quote/stock/AFRI-CAN-MARINE-MINERALS--1408923/news/Afri-Can-Marine-Minerals-Corporation-AFRI-CAN-MARINE-868-000-CARATS-HISTORICAL-DIAMOND-RESOURCE-O-17259419/,b'Afri-Can Marine Minerals Corporation'
Afri-Can Marine Minerals Corporation Canada Mine Industry,https://www.wabteccorp.com/home,b'Wabtec Corporation: Homepage'
Afri-Can Marine Minerals Corporation Canada Mine Industry,https://www.bloomberg.com/profile/company/AJF:GR,b'Afri-Can Marine Minerals Corp - Company Profile and News ...'
Afri-Can Marine Minerals Corporation Canada Mine Industry,https://www.cummins.com/,b'Cummins | A Global Power Technology Leader'
Afri-Can Marine Minerals Corporation Canada Mine Industry,https://www.canada.ca/en/campaign/critical-minerals-in-canada/canadian-critical-minerals-strategy.html,b'The Canadian Critical Minerals Strategy - Canada.ca'
Africo Resources Ltd. Canada Mine Industry,https://en.wikipedia.org/wiki/Africo_Resources,b'Africo Resources - Wikipedia'
Africo Resources Ltd. Canada Mine Industry,https://www.riotinto.com/,b'Rio Tinto | Global'
Africo Resources Ltd. Canada Mine Industry,https://en.wikipedia.org/wiki/Mining_industry_of_the_Democratic_Republic_of_the_Congo,b'Mining industry of the Democratic Republic of the Congo - Wikipedia'
Africo Resources Ltd. Canada Mine Industry,https://www.wilsoncenter.org/blog-post/drc-mining-industry-child-labor-and-formalization-small-scale-mining,b'The DRC Mining Industry: Child Labor and Formalization of Small ...'
Africo Resources Ltd. Canada Mine Industry,https://www.teck.com/,b'Teck Resources Limited'
Africo Resources Ltd. Canada Mine Industry,https://natural-resources.canada.ca/maps-tools-and-publications/publications/minerals-mining-publications/canadian-mining-assets/19323,b'Canadian Mining Assets'
Africo Resources Ltd. Canada Mine Industry,https://hexagon.com/company/divisions/mining,b'Mining | Hexagon'
Africo Resources Ltd. Canada Mine Industry,https://www.mkango.ca/,b'Home | Mkango Resources Ltd.'
Africo Resources Ltd. Canada Mine Industry,https://pubs.usgs.gov/of/2012/1273/ofr2012-1273.pdf,"b""Recent Strikes in South Africa's Platinum-Group Metal Mines ..."""
Africo Resources Ltd. Canada Mine Industry,https://home.treasury.gov/news/press-releases/jy1581,b'Treasury Sanctions Illicit Gold Companies Funding Wagner Forces ...'
"Aggregate Management, Inc. Canada Mine Industry",https://www.holcim.us/,b'Holcim US - Industry leader in building materials'
"Aggregate Management, Inc. Canada Mine Industry",https://pubs.usgs.gov/of/2002/ofr-02-415/ofr-02-415_508.pdf,b'Managing and Protecting Aggregate Resources'
"Aggregate Management, Inc. Canada Mine Industry",https://athabascaminerals.com/,b'Home | Athabasca Minerals Inc'
"Aggregate Management, Inc. Canada Mine Industry",https://superior-ind.com/,b'Superior Industries | Rock Face to Load Out | Bulk Material ...'
"Aggregate Management, Inc. Canada Mine Industry",https://athabascaminerals.com/news/athabasca-minerals-transfers-firebag-frac-sand-project-to-wholly-owned-subsidiary-ami-silica/,b'News Releases | Athabasca Minerals Inc'
"Aggregate Management, Inc. Canada Mine Industry",https://www.heidelbergmaterials.us/,b'Heidelberg Materials North America|Building Materials ...'
"Aggregate Management, Inc. Canada Mine Industry",http://firmatek.com/2017/05/16/women-in-mining/,b'Women in Mining and Aggregates: 17 Leaders to Follow - Firmatek ...'
"Aggregate Management, Inc. Canada Mine Industry",https://turnermining.com/,b'Turner Mining Group: Home'
"Aggregate Management, Inc. Canada Mine Industry",https://www.martinmarietta.com/,b'Martin Marietta Materials: Home'
"Aggregate Management, Inc. Canada Mine Industry",http://www.ontario.ca/page/ministry-natural-resources-and-forestry,b'Ministry of Natural Resources and Forestry | ontario.ca'
Agnico Eagle Mines Ltd Canada Mine Industry,https://agnicoeagle.com/English/home/default.aspx,b'Home - Agnico Eagle Mines Limited'
Agnico Eagle Mines Ltd Canada Mine Industry,https://www.agnicoeagle.com/English/about-agnico/default.aspx,b'About Agnico - Agnico Eagle Mines Limited'
Agnico Eagle Mines Ltd Canada Mine Industry,https://agnicoeagle.com/,b'Agnico Eagle Mines Limited - Home'
Agnico Eagle Mines Ltd Canada Mine Industry,https://www.agnicoeagle.com/English/operations/default.aspx,b'Operations - Agnico Eagle Mines Limited'
Agnico Eagle Mines Ltd Canada Mine Industry,https://en.wikipedia.org/wiki/Agnico_Eagle,b'Agnico Eagle - Wikipedia'
Agnico Eagle Mines Ltd Canada Mine Industry,https://www.agnicoeagle.com/English/investor-relations/default.aspx,b'Investor Relations - Agnico Eagle Mines Limited'
Agnico Eagle Mines Ltd Canada Mine Industry,https://ca.linkedin.com/company/agnico-eagle-mines,b'Agnico Eagle Mines Limited | LinkedIn'
Agnico Eagle Mines Ltd Canada Mine Industry,https://www.agnicoeagle.com/English/careers/default.aspx,b'Careers - Agnico Eagle Mines Limited'
Agnico Eagle Mines Ltd Canada Mine Industry,https://www.investopedia.com/articles/markets/082015/5-biggest-canadian-mining-companies.asp,b'10 Biggest Canadian Mining Companies'
Agnico Eagle Mines Ltd Canada Mine Industry,https://www.agnicoeagle.com/English/investor-relations/news-and-events/news-releases/news-release-details/2023/AGNICO-EAGLE-COMPLETES-ACQUISITION-OF-YAMANAS-CANADIAN-ASSETS/default.aspx,b'AGNICO EAGLE COMPLETES ... - Agnico Eagle Mines Limited'
Aida Minerals Corp Canada Mine Industry,https://aida-americas.org/en/protecting-andean-ecosystems-and-communities-minings-impact,"b""How we protect Andean ecosystems from mining's impacts ..."""
Aida Minerals Corp Canada Mine Industry,https://www.responsiblemineralsinitiative.org/media/StdSmelterList_RevHistory_Dec2017.xlsx,b'https://www.responsiblemineralsinitiative.org/medi...'
Aida Minerals Corp Canada Mine Industry,https://aida-americas.org/en/resources-study-extractivism,b'Resources for the study of extractivism - AIDA Americas'
Aida Minerals Corp Canada Mine Industry,https://www.ciel.org/news/world-bank-mechanism-highlights-risky-mining-project-colombia/,b'World Bank mechanism highlights risky mining project in Colombia ...'
Aida Minerals Corp Canada Mine Industry,https://aida-americas.org/en/protecting-santurban-p-ramo-minings-damages,"b""Protecting the Santurban Pramo from mining's damages ..."""
Aida Minerals Corp Canada Mine Industry,https://www.tni.org/files/eco-oro-vs-colombia.pdf,"b""GOLDEN PROFITS UNDERMINE PEOPLE'S RIGHT TO CLEAN ..."""
Aida Minerals Corp Canada Mine Industry,https://www.mrcy.com/application/files/3016/5402/6229/Conflict_Minerals_Report_for_the_Year_Ended_December_31_2021_1.1.pdf,"b'Exhibit 1.01 Mercury Systems, Inc. Conflict Minerals Report For the ...'"
Aida Minerals Corp Canada Mine Industry,https://coha.org/canadian-mining-in-latin-america-exploitation-inconsistency-and-neglect/,"b'Canadian Mining in Latin America: Exploitation, Inconsistency, and ...'"
Aida Minerals Corp Canada Mine Industry,https://www.tripleflagpm.com/who-we-are/our-team/default.aspx,b'Who We Are - Our Team - Triple Flag Precious Metals Corp.'
Aida Minerals Corp Canada Mine Industry,https://www.apple.com/supplier-responsibility/pdf/Apple-Conflict-Minerals-Report.pdf,b'Apple-Conflict-Minerals-Report.pdf'
AIM Energy Inc Canada Mine Industry,https://www.canada.ca/en/campaign/critical-minerals-in-canada/canadian-critical-minerals-strategy.html,b'The Canadian Critical Minerals Strategy - Canada.ca'
AIM Energy Inc Canada Mine Industry,https://www.scrapware.com/blog/a-greener-future-mining-companies-aim-to-turn-scrap-metal-into-green-energy/,b'Mining Companies Aim to Turn Scrap Metal into Green Energy'
AIM Energy Inc Canada Mine Industry,https://www.tcenergy.com/,b'TC Energy  Home'
AIM Energy Inc Canada Mine Industry,https://yukon.ca/en/department-energy-mines-resources,"b'Department of Energy, Mines and Resources | Government of Yukon'"
AIM Energy Inc Canada Mine Industry,https://www.iea.org/reports/world-energy-investment-2022/overview-and-key-findings,b'Overview and key findings  World Energy Investment 2022 ...'
AIM Energy Inc Canada Mine Industry,https://www.pwc.com/gx/en/energy-utilities-mining/pdf/junior-mine.pdf,b'review of trends in the AIM mining industry'
AIM Energy Inc Canada Mine Industry,https://www.iea.org/reports/the-oil-and-gas-industry-in-energy-transitions,b'The Oil and Gas Industry in Energy Transitions  Analysis - IEA'
AIM Energy Inc Canada Mine Industry,https://www.wilsoncenter.org/blog-post/drc-mining-industry-child-labor-and-formalization-small-scale-mining,b'The DRC Mining Industry: Child Labor and Formalization of Small ...'
AIM Energy Inc Canada Mine Industry,https://www.energyfuels.com/,b'Energy Fuels Inc: Uranium Mining & Energy | Uranium Stocks'
AIM Energy Inc Canada Mine Industry,https://www.caterpillar.com/,b'Caterpillar Inc'
AJN Resources Inc Canada Mine Industry,https://ajnresources.com/,b'AJN Resources - Home'
AJN Resources Inc Canada Mine Industry,https://thecse.com/en/listings/mining/ajn-resources-inc,b'AJN Resources Inc. | CSE - Canadian Securities Exchange'
AJN Resources Inc Canada Mine Industry,https://www.spglobal.com/marketintelligence/en/news-insights/latest-news-headlines/sirius-shareholders-aim-to-block-anglo-takeover-ajn-nixes-congo-mine-stake-buy-57371544,b'Sirius shareholders aim to block Anglo takeover; AJN nixes Congo ...'
AJN Resources Inc Canada Mine Industry,https://simplywall.st/stocks/ca/materials/cse-ajn/ajn-resources-shares,"b'AJN Resources (CNSX:AJN) - Stock Price, News & Analysis - Simply ...'"
AJN Resources Inc Canada Mine Industry,https://ca.finance.yahoo.com/quote/AJN.CN/,"b'AJN Resources Inc. (AJN.CN) Stock Price, News, Quote & History ...'"
AJN Resources Inc Canada Mine Industry,https://www.marketscreener.com/quote/stock/AJN-RESOURCES-INC-44231531/company/,b'AJN Resources Inc. : Shareholders Board Members Managers and ...'
AJN Resources Inc Canada Mine Industry,https://www.mining.com/web/congo-sees-surge-in-mining-of-metals-for-green-energy-transition/,b'Congo sees surge in mining of metals for green energy transition ...'
AJN Resources Inc Canada Mine Industry,https://www.barrons.com/market-data/company-list/country/canada/1,b'Canada'
AJN Resources Inc Canada Mine Industry,https://money.tmx.com/en/quote/AJN:CNX,b'AJN Resources Inc - Ordinary Shares (AJN:CNX) | CSE Stock Price ...'
AJN Resources Inc Canada Mine Industry,https://themarketherald.ca/ajn-resources-to-acquire-interest-in-a-highly-prospective-eastern-drc-lithium-permit-2023-06-02/,b'AJN Resources to acquire interest in a highly prospective Eastern ...'
Alamos Gold Inc Canada Mine Industry,https://alamosgold.com/,b'Alamos Gold - Home'
Alamos Gold Inc Canada Mine Industry,https://www.alamosgold.com/careers/default.aspx,b'Careers - Alamos Gold'
Alamos Gold Inc Canada Mine Industry,https://alamosgold.com/news-and-events/news/news-details/2022/Alamos-Gold-Announces-Phase-3-Expansion-of-Island-Gold-to-2400-tpd-Driving-a-Larger-More-Profitable-Operation-with-Average-Annual-Gold-Production-of-287k-oz-Industry-Low-All-in-Sustaining-Costs-of-576oz-and-a-31-Increase-in-Net-Present-Value-NPV-to-2/default.aspx,b'Alamos Gold Announces Phase 3+ Expansion of ... - Alamos Gold'
Alamos Gold Inc Canada Mine Industry,https://www.alamosgold.com/news-and-events/news/news-details/2023/Alamos-Gold-Announces-Appointment-of-Greg-Fisher-as-Chief-Financial-Officer/default.aspx,b'Alamos Gold Announces Appointment of Greg Fisher ... - Alamos Gold'
Alamos Gold Inc Canada Mine Industry,https://en.wikipedia.org/wiki/Alamos_Gold,b'Alamos Gold - Wikipedia'
Alamos Gold Inc Canada Mine Industry,https://www.alamosgold.com/news-and-events/news/news-details/2023/Alamos-Gold-Announces-Release-of-Inaugural-Climate-Change-Report/default.aspx,b'Alamos Gold Announces Release of Inaugural ... - Alamos Gold'
Alamos Gold Inc Canada Mine Industry,https://s24.q4cdn.com/779615370/files/doc_downloads/sustainability/2022/2021-ESG-Report-Final.pdf,b'alamos gold 2021 esg report'
Alamos Gold Inc Canada Mine Industry,https://www.alamosgold.com/news-and-events/news/news-details/2022/Alamos-Gold-Announces-Appointment-of-Luc-Guimond-asChief-Operating-Officer/default.aspx,b'Alamos Gold Announces Appointment of Luc ... - Alamos Gold'
Alamos Gold Inc Canada Mine Industry,https://mx.linkedin.com/company/alamos-gold-inc,b'Alamos Gold Inc. | LinkedIn'
Alamos Gold Inc Canada Mine Industry,https://www.alamosgold.com/news-and-events/news/news-details/2022/Alamos-Gold-Announces-Initial-30-Reduction-Target-in-Greenhouse-Gas-GHG-Emissions-by-2030/default.aspx,b'Alamos Gold Announces Initial 30% Reduction Target in ...'
Alcan Inc. Canada Mine Industry,https://www.riotinto.com/,b'Rio Tinto | Global'
Alcan Inc. Canada Mine Industry,https://en.wikipedia.org/wiki/Alcan,b'Alcan - Wikipedia'
Alcan Inc. Canada Mine Industry,https://www.theglobeandmail.com/business/article-canada-critical-minerals-mining-australia/,b'Canada wants to be a global leader in critical minerals. Why is ...'
Alcan Inc. Canada Mine Industry,https://en.wikipedia.org/wiki/Rio_Tinto_Alcan,b'Rio Tinto Alcan - Wikipedia'
Alcan Inc. Canada Mine Industry,https://www.britannica.com/topic/Alcan-Aluminium-Limited,b'Alcan Aluminium Limited | Corporate History & Facts | Britannica'
Alcan Inc. Canada Mine Industry,https://uppingtheanti.org/journal/article/21-mining-makes-this-world-possible,b'Mining Makes This World Possible  Upping the Anti'
Alcan Inc. Canada Mine Industry,https://www.nytimes.com/topic/company/alcan-inc,b'Alcan Inc. - The New York Times'
Alcan Inc. Canada Mine Industry,https://www.reuters.com/article/us-mining-summit-private-equity/private-equity-takes-shine-to-metals-mining-idUSL2231117220070524,"b'Private equity takes shine to metals, mining | Reuters'"
Alcan Inc. Canada Mine Industry,https://pubs.usgs.gov/myb/vol3/2017-18/myb3-2017-18-canada.pdf,b'The Mineral Industry of Canada in 2017-2018'
Alcan Inc. Canada Mine Industry,https://www.cairn.info/revue-francaise-d-histoire-economique-2015-2-page-80.htm,b'Emerging multinationals: Alcan and Vale in Amazonia during the ...'
Aldebaran Resources Inc. Canada Mine Industry,https://aldebaranresources.com/corporate/management-team/,b'Management Team | Aldebaran Resources Inc.'
Aldebaran Resources Inc. Canada Mine Industry,https://www.bnamericas.com/en/company-profile/aldebaran-resources-inc,"b'Aldebaran Resources, Inc. (Aldebaran Resources) - BNamericas'"
Aldebaran Resources Inc. Canada Mine Industry,https://aldebaranresources.com/site/assets/files/5708/aldebaran_corporate_presentation_mar2021_final.pdf,b'The Altar Copper-Gold Project'
Aldebaran Resources Inc. Canada Mine Industry,https://simplywall.st/stocks/ca/materials/tsxv-alde/aldebaran-resources-shares,"b'Aldebaran Resources (TSXV:ALDE) - Stock Price, News & Analysis ...'"
Aldebaran Resources Inc. Canada Mine Industry,https://aldebaranresources.com/corporate/board-of-directors/,b'Board of Directors | Aldebaran Resources Inc.'
Aldebaran Resources Inc. Canada Mine Industry,https://www.crunchbase.com/organization/aldebaran-resources,b'Aldebaran Resources - Crunchbase Company Profile & Funding'
Aldebaran Resources Inc. Canada Mine Industry,https://aldebaranresources.com/corporate/management-team/mark-wayne-ll.b-cfa/,b'Management Team | Aldebaran Resources Inc.'
Aldebaran Resources Inc. Canada Mine Industry,https://www.theglobeandmail.com/investing/markets/stocks/ALDE-X/pressreleases/21598355/closing-bell-aldebaran-resources-inc-down-on-tuesday-alde/,b'Closing Bell: Aldebaran Resources Inc down on Tuesday (ALDE ...'
Aldebaran Resources Inc. Canada Mine Industry,https://money.tmx.com/en/quote/ALDE,b'Aldebaran Resources Inc. (ALDE) | TSXV Stock Price | TMX Money'
Aldebaran Resources Inc. Canada Mine Industry,https://www.theglobeandmail.com/investing/markets/stocks/ALDE-X/pressreleases/21639567/closing-bell-aldebaran-resources-inc-up-on-wednesday-alde/,b'Closing Bell: Aldebaran Resources Inc up on Wednesday (ALDE ...'
